ID,Type,SKU,"GTIN, UPC, EAN, or ISBN",Name,Published,"Is featured?","Visibility in catalog","Short description",Description,"Date sale price starts","Date sale price ends","Tax status","Tax class","In stock?",Stock,"Low stock amount","Backorders allowed?","Sold individually?","Weight (lbs)","Length (in)","Width (in)","Height (in)","Allow customer reviews?","Purchase note","Sale price","Regular price",Categories,Tags,"Shipping class",Images,"Download limit","Download expiry days",Parent,"Grouped products",Upsells,Cross-sells,"External URL","Button text",Position,"Swatches Attributes",Brands,"Attribute 1 name","Attribute 1 value(s)","Attribute 1 visible","Attribute 1 global","Meta: puca_post_views_count","Attribute 2 name","Attribute 2 value(s)","Attribute 2 visible","Attribute 2 global","Attribute 3 name","Attribute 3 value(s)","Attribute 3 visible","Attribute 3 global"
6144,variable,CJAM1308161,,"Ultimate Six-Wheel Neck Massager: Multifunctional Roller for Instant Relief and Relaxation",1,0,visible,,"<p style=""text-align: center""> <span style=""font-size: 1em""> <b>Overview:</b> </span> </p> \n<p> 1. Upgrade Rolling Ball Manual Neck Massager--6pcs ball rolling in 360° smoothly, it will bring you a good massage and relaxing experience comparing before fix ball neck massager tool. <br> 2. Refine The Outlook Design--Added two ears in the neck massager tool looks cuter and humanized interesting, two soft dual balls can be removable and washable, and the handle is plating finished. <br> 3. Enlarge Massage Contacting Area--2 Pairs of long dual balls can roll at 360° for relaxing different body parts, like the neck, and legs， in order to avoid sticking the hair, we suggest pinning the hair before using it, <br> 4. Relieve Neck Stiffness and Muscle Pain soreness-- The two pairs of trigger point softballs can provide deep tissue neck and back relaxation massage when you squeeze the handles, the force intensity is controllable. it can release the tight, stiff, and aching muscles on your neck, shoulder, or leg, and promote and improve Boosts Circulation &amp; Blood Flow. <br> 5. Neck massager tool Mimic Real Therapists Hands--The dual soft balls massage feeling like therapists' hands to relieve your fatigue and muscle pain. it improves your sleeping quality and maintains good physical condition. </p> \n<p> <b>Note: This is made of natural raw stone, and there is no guarantee that every color will be the same</b> </p> \n<p> <b style=""font-size: 1em"">Product information:</b> <br> </p> \n<p> Product name: 6-roller cervical massager <br> Color: blue, pink <br> Specification: 1 pack <br> Size: about 35cm X 18cm <br> Product category: neck massager <br> Material: PP <br> Applicable scene: health massage <br> Shape: swan six-wheel pink, swan six-wheel blue <br> Applicable scene: Health massage <br> Applicable object: Unisex </p> \n<p> Scraping board material: high-quality natural powder crystal jade <br> The size is 8.5cm long, 5.5cm wide, and about 0.5-0.8 thick <br> Usage: light and comfortable on face, neck and body </p> \n<p> <b>Features:</b> <br> </p> \n<p>Ergonomic design, massage cervical acupoints</p> \n<p> <br> </p> \n<p> <b>Packing list:</b> </p> \n<p>Cervical spine massager*1</p> \n<p> <br> </p> \n<p style=""text-align: center""> <img src=""https://cf.cjdropshipping.com/17170272/2405300718040320300.jpg""> <img src=""https://cf.cjdropshipping.com/17170272/2405300718040322800.jpg"" class=""""> </p> \n<p style=""text-align: center""> <br> </p> \n<p style=""text-align: center""> <img src=""https://cf.cjdropshipping.com/17170272/2405300718050320700.jpg""> </p> \n<p style=""text-align: center""> <img src=""https://cf.cjdropshipping.com/17170272/2405300718050323900.jpg""> <img src=""https://cf.cjdropshipping.com/17170272/2405300718050328000.jpg""> <img src=""https://cf.cjdropshipping.com/17170272/2405300718060321900.jpg""> <img src=""https://cf.cjdropshipping.com/17170272/2405300718060325300.jpg""> <b> <br> </b> </p> \n<p> <br> </p>",,,taxable,,1,,,0,0,1.14,400,200,80,1,,,,"Body Care",,,"https://nasmart.online/wp-content/uploads/2025/03/08c6bacf-86b5-40e3-9517-f861805c7d9b.jpg, https://nasmart.online/wp-content/uploads/2025/03/c5ed27dc-ca76-462b-b251-a6855074de68.jpg, https://nasmart.online/wp-content/uploads/2025/03/ab211fe7-fa1a-4e74-add9-e550de575700.jpg, https://nasmart.online/wp-content/uploads/2025/03/12b163ca-1836-435b-ad6e-42140cc21e60.jpg, https://nasmart.online/wp-content/uploads/2025/03/f4d9e7dd-2f1d-4870-a0b2-fcaf10899909.jpg, https://nasmart.online/wp-content/uploads/2025/03/55e2fdb8-1596-4872-ac4b-3c4e64f705cd.jpg, https://nasmart.online/wp-content/uploads/2025/03/b839b69b-d796-4478-b7f9-fce0a3bbd86d.jpg, https://nasmart.online/wp-content/uploads/2025/03/4607bbe2-e2c4-41b8-af6e-a1f9eecdf0b2.jpg, https://nasmart.online/wp-content/uploads/2025/03/b67ec883-3015-4771-8d38-fea7c62ab78f_trans.jpeg, https://nasmart.online/wp-content/uploads/2025/03/3d25f0ef-075d-41f5-8c92-bcc690552e6b.jpg",,,,,,,,,0,,,Color,"A set, A set 2pcs, Blue, Blue 2PCS, Blue4 Wheels, Blue4 rollers suit, Blue6 rollers suit, Cshaped pillow blue, Heartshaped, Light neck blue, Light neck pink, New Roller Swan Blue, New Roller Swan Powder, New Thumb Blue, New Thumb pink, Pink, Pink 2PCS, Pink4 Wheels, Pink4 rollers suit, Pink6 rollers suit, Set, Set1, Set2, Set3, Swan Blue, Swan pink",1,0,30,,,,,,,,
6146,variation,CJAM130816105EV,,"Ultimate Six-Wheel Neck Massager: Multifunctional Roller for Instant Relief and Relaxation - A set",1,0,visible,,,,,taxable,parent,1,,,0,0,,,,,0,,,39.31,,,,https://nasmart.online/wp-content/uploads/2025/03/4c1ad1df-6abb-473c-b957-3e2aba0bc686.jpg,,,CJAM1308161,,,,,,0,,,Color,"A set",,0,,,,,,,,,
6148,variation,CJAM130816108HS,,"Ultimate Six-Wheel Neck Massager: Multifunctional Roller for Instant Relief and Relaxation - A set 2pcs",1,0,visible,,,,,taxable,parent,1,,,0,0,,,,,0,,,66.97,,,,https://nasmart.online/wp-content/uploads/2025/03/2f023096-c2c8-4ca6-9d77-2223a6dd08e5.jpg,,,CJAM1308161,,,,,,0,,,Color,"A set 2pcs",,0,,,,,,,,,
6150,variation,CJAM130816101AZ,,"Ultimate Six-Wheel Neck Massager: Multifunctional Roller for Instant Relief and Relaxation - Blue",1,0,visible,,,,,taxable,parent,1,,,0,0,,,,,0,,,28.36,,,,https://nasmart.online/wp-content/uploads/2025/03/eaa68842-462e-4930-9a9c-5b8696495e80.jpg,,,CJAM1308161,,,,,,0,,,Color,Blue,,0,,,,,,,,,
6152,variation,CJAM130816106FU,,"Ultimate Six-Wheel Neck Massager: Multifunctional Roller for Instant Relief and Relaxation - Blue 2PCS",1,0,visible,,,,,taxable,parent,1,,,0,0,,,,,0,,,39.74,,,,https://nasmart.online/wp-content/uploads/2025/03/e639698b-2b04-4641-982b-2781f13601d8.jpg,,,CJAM1308161,,,,,,0,,,Color,"Blue 2PCS",,0,,,,,,,,,
6154,variation,CJAM130816104DW,,"Ultimate Six-Wheel Neck Massager: Multifunctional Roller for Instant Relief and Relaxation - Blue4 Wheels",1,0,visible,,,,,taxable,parent,1,,,0,0,,,,,0,,,28.92,,,,https://nasmart.online/wp-content/uploads/2025/03/c5ed27dc-ca76-462b-b251-a6855074de68-1.jpg,,,CJAM1308161,,,,,,0,,,Color,"Blue4 Wheels",,0,,,,,,,,,
6156,variation,CJAM130816112LO,,"Ultimate Six-Wheel Neck Massager: Multifunctional Roller for Instant Relief and Relaxation - Blue4 rollers suit",1,0,visible,,,,,taxable,parent,1,,,0,0,,,,,0,,,25.41,,,,https://nasmart.online/wp-content/uploads/2025/03/704e3a62-5adc-4b24-8f34-9ad10f4305f8.jpg,,,CJAM1308161,,,,,,0,,,Color,"Blue4 rollers suit",,0,,,,,,,,,
6158,variation,CJAM130816110JQ,,"Ultimate Six-Wheel Neck Massager: Multifunctional Roller for Instant Relief and Relaxation - Blue6 rollers suit",1,0,visible,,,,,taxable,parent,1,,,0,0,,,,,0,,,27.21,,,,https://nasmart.online/wp-content/uploads/2025/03/773d1bb1-73d0-4c5c-a9ae-7da0acf8f819.jpg,,,CJAM1308161,,,,,,0,,,Color,"Blue6 rollers suit",,0,,,,,,,,,
6160,variation,CJAM130816114NM,,"Ultimate Six-Wheel Neck Massager: Multifunctional Roller for Instant Relief and Relaxation - Cshaped pillow blue",1,0,visible,,,,,taxable,parent,1,,,0,0,,,,,0,,,20.48,,,,https://nasmart.online/wp-content/uploads/2025/03/4607bbe2-e2c4-41b8-af6e-a1f9eecdf0b2-1.jpg,,,CJAM1308161,,,,,,0,,,Color,"Cshaped pillow blue",,0,,,,,,,,,
6162,variation,CJAM130816109IR,,"Ultimate Six-Wheel Neck Massager: Multifunctional Roller for Instant Relief and Relaxation - Heartshaped",1,0,visible,,,,,taxable,parent,1,,,0,0,,,,,0,,,11.09,,,,https://nasmart.online/wp-content/uploads/2025/03/dd80c3bc-5689-4521-b259-7bd0c60cf792.jpg,,,CJAM1308161,,,,,,0,,,Color,Heartshaped,,0,,,,,,,,,
6164,variation,CJAM130816121UF,,"Ultimate Six-Wheel Neck Massager: Multifunctional Roller for Instant Relief and Relaxation - Light neck blue",1,0,visible,,,,,taxable,parent,1,,,0,0,,,,,0,,,16.59,,,,https://nasmart.online/wp-content/uploads/2025/03/12b163ca-1836-435b-ad6e-42140cc21e60-1.jpg,,,CJAM1308161,,,,,,0,,,Color,"Light neck blue",,0,,,,,,,,,
6166,variation,CJAM130816122VE,,"Ultimate Six-Wheel Neck Massager: Multifunctional Roller for Instant Relief and Relaxation - Light neck pink",1,0,visible,,,,,taxable,parent,1,,,0,0,,,,,0,,,16.59,,,,https://nasmart.online/wp-content/uploads/2025/03/d0622cb0-1e5c-4cb4-9adb-0d5034ea5149.jpg,,,CJAM1308161,,,,,,0,,,Color,"Light neck pink",,0,,,,,,,,,
6168,variation,CJAM130816123WD,,"Ultimate Six-Wheel Neck Massager: Multifunctional Roller for Instant Relief and Relaxation - New Roller Swan Blue",1,0,visible,,,,,taxable,parent,1,,,0,0,,,,,0,,,21.03,,,,https://nasmart.online/wp-content/uploads/2025/03/3d25f0ef-075d-41f5-8c92-bcc690552e6b-1.jpg,,,CJAM1308161,,,,,,0,,,Color,"New Roller Swan Blue",,0,,,,,,,,,
6170,variation,CJAM130816124XC,,"Ultimate Six-Wheel Neck Massager: Multifunctional Roller for Instant Relief and Relaxation - New Roller Swan Powder",1,0,visible,,,,,taxable,parent,1,,,0,0,,,,,0,,,21.03,,,,https://nasmart.online/wp-content/uploads/2025/03/ae97554f-3942-418b-b711-c9c59c055d88.jpg,,,CJAM1308161,,,,,,0,,,Color,"New Roller Swan Powder",,0,,,,,,,,,
6172,variation,CJAM130816125YB,,"Ultimate Six-Wheel Neck Massager: Multifunctional Roller for Instant Relief and Relaxation - New Thumb Blue",1,0,visible,,,,,taxable,parent,1,,,0,0,,,,,0,,,17.65,,,,https://nasmart.online/wp-content/uploads/2025/03/5c23cf80-d4cb-4695-90a3-d8c0eafab06d.jpg,,,CJAM1308161,,,,,,0,,,Color,"New Thumb Blue",,0,,,,,,,,,
6174,variation,CJAM130816126ZA,,"Ultimate Six-Wheel Neck Massager: Multifunctional Roller for Instant Relief and Relaxation - New Thumb pink",1,0,visible,,,,,taxable,parent,1,,,0,0,,,,,0,,,17.65,,,,https://nasmart.online/wp-content/uploads/2025/03/f4d9e7dd-2f1d-4870-a0b2-fcaf10899909-1.jpg,,,CJAM1308161,,,,,,0,,,Color,"New Thumb pink",,0,,,,,,,,,
6176,variation,CJAM130816102BY,,"Ultimate Six-Wheel Neck Massager: Multifunctional Roller for Instant Relief and Relaxation - Pink",1,0,visible,,,,,taxable,parent,1,,,0,0,,,,,0,,,25.71,,,,https://nasmart.online/wp-content/uploads/2025/03/f7bcb3d1-d852-4d1a-8b73-b3241dc79d21.jpg,,,CJAM1308161,,,,,,0,,,Color,Pink,,0,,,,,,,,,
6178,variation,CJAM130816107GT,,"Ultimate Six-Wheel Neck Massager: Multifunctional Roller for Instant Relief and Relaxation - Pink 2PCS",1,0,visible,,,,,taxable,parent,1,,,0,0,,,,,0,,,39.74,,,,https://nasmart.online/wp-content/uploads/2025/03/b4f23160-9abf-4f85-b4ce-28010eeb33ab.jpg,,,CJAM1308161,,,,,,0,,,Color,"Pink 2PCS",,0,,,,,,,,,
6180,variation,CJAM130816103CX,,"Ultimate Six-Wheel Neck Massager: Multifunctional Roller for Instant Relief and Relaxation - Pink4 Wheels",1,0,visible,,,,,taxable,parent,1,,,0,0,,,,,0,,,20.95,,,,https://nasmart.online/wp-content/uploads/2025/03/1588d579-c738-4c5a-92b1-432842cb31a3.jpg,,,CJAM1308161,,,,,,0,,,Color,"Pink4 Wheels",,0,,,,,,,,,
6182,variation,CJAM130816113MN,,"Ultimate Six-Wheel Neck Massager: Multifunctional Roller for Instant Relief and Relaxation - Pink4 rollers suit",1,0,visible,,,,,taxable,parent,1,,,0,0,,,,,0,,,25.41,,,,https://nasmart.online/wp-content/uploads/2025/03/0803ac25-1f42-4a08-98eb-4890c40c3395.jpg,,,CJAM1308161,,,,,,0,,,Color,"Pink4 rollers suit",,0,,,,,,,,,
6184,variation,CJAM130816111KP,,"Ultimate Six-Wheel Neck Massager: Multifunctional Roller for Instant Relief and Relaxation - Pink6 rollers suit",1,0,visible,,,,,taxable,parent,1,,,0,0,,,,,0,,,27.21,,,,https://nasmart.online/wp-content/uploads/2025/03/b839b69b-d796-4478-b7f9-fce0a3bbd86d-1.jpg,,,CJAM1308161,,,,,,0,,,Color,"Pink6 rollers suit",,0,,,,,,,,,
6186,variation,CJAM130816115OL,,"Ultimate Six-Wheel Neck Massager: Multifunctional Roller for Instant Relief and Relaxation - Set",1,0,visible,,,,,taxable,parent,1,,,0,0,,,,,0,,,51.82,,,,https://nasmart.online/wp-content/uploads/2025/03/55e2fdb8-1596-4872-ac4b-3c4e64f705cd-1.jpg,,,CJAM1308161,,,,,,0,,,Color,Set,,0,,,,,,,,,
6188,variation,CJAM130816116PK,,"Ultimate Six-Wheel Neck Massager: Multifunctional Roller for Instant Relief and Relaxation - Set1",1,0,visible,,,,,taxable,parent,1,,,0,0,,,,,0,,,33.01,,,,https://nasmart.online/wp-content/uploads/2025/03/5933aa80-de23-4abc-a8d3-68679748cada.jpg,,,CJAM1308161,,,,,,0,,,Color,Set1,,0,,,,,,,,,
6190,variation,CJAM130816117QJ,,"Ultimate Six-Wheel Neck Massager: Multifunctional Roller for Instant Relief and Relaxation - Set2",1,0,visible,,,,,taxable,parent,1,,,0,0,,,,,0,,,39.15,,,,https://nasmart.online/wp-content/uploads/2025/03/d7383ed0-aa70-4d12-ba97-9cf1275f4e99.jpg,,,CJAM1308161,,,,,,0,,,Color,Set2,,0,,,,,,,,,
6192,variation,CJAM130816118RI,,"Ultimate Six-Wheel Neck Massager: Multifunctional Roller for Instant Relief and Relaxation - Set3",1,0,visible,,,,,taxable,parent,1,,,0,0,,,,,0,,,41.31,,,,https://nasmart.online/wp-content/uploads/2025/03/64410cb3-b927-48cd-966e-8b74d51cc3c5.jpg,,,CJAM1308161,,,,,,0,,,Color,Set3,,0,,,,,,,,,
6194,variation,CJAM130816119SH,,"Ultimate Six-Wheel Neck Massager: Multifunctional Roller for Instant Relief and Relaxation - Swan Blue",1,0,visible,,,,,taxable,parent,1,,,0,0,,,,,0,,,18.90,,,,https://nasmart.online/wp-content/uploads/2025/03/09a5de80-1363-4244-95e9-b1fa30a9e854_trans.jpeg,,,CJAM1308161,,,,,,0,,,Color,"Swan Blue",,0,,,,,,,,,
6196,variation,CJAM130816120TG,,"Ultimate Six-Wheel Neck Massager: Multifunctional Roller for Instant Relief and Relaxation - Swan pink",1,0,visible,,,,,taxable,parent,1,,,0,0,,,,,0,,,18.90,,,,https://nasmart.online/wp-content/uploads/2025/03/b67ec883-3015-4771-8d38-fea7c62ab78f_trans-1.jpeg,,,CJAM1308161,,,,,,0,,,Color,"Swan pink",,0,,,,,,,,,
6210,variable,CJBJMRAM00250,,"Shoulder and neck massager mini massager",1,0,visible,,"<p> Product Name: Electronic Pulse Massager <br> Operating mode: pulse strength <br> Output voltage: 80V <br> Product weight: 25g <br> Working temperature: 0°C- -45°C <br> Massage mode: 5 kinds <br> Massage strength: 10 <br> Working time: 15 minutes <br> Battery capacity: 60mAh <br> Product size: 13.7cmx6.7cmx1cm <img src=""https://cf.cjdropshipping.com/15740928/27827991429195.png""> <img src=""https://cf.cjdropshipping.com/15740928/1343747212124.png""> <img src=""https://cf.cjdropshipping.com/15740928/1707138381003.png""> <img src=""https://cf.cjdropshipping.com/15740928/588016055835.png""> </p>",,,taxable,,1,,,0,0,0.03,100,100,30,1,,,,"Body Care",,,"https://nasmart.online/wp-content/uploads/2025/03/3919848601085-1.jpg, https://nasmart.online/wp-content/uploads/2025/03/4695314140378-1.jpg, https://nasmart.online/wp-content/uploads/2025/03/1755977932563-1.jpg, https://nasmart.online/wp-content/uploads/2025/03/7197884230230-1.jpg, https://nasmart.online/wp-content/uploads/2025/03/379084766242-1.jpg, https://nasmart.online/wp-content/uploads/2025/03/129130975966-1.jpg, https://nasmart.online/wp-content/uploads/2025/03/686063335137-1.jpg",,,,,,,,,0,,,Color,"Black, Blue, Pink, White",1,0,25,Model,"Patch, USB",1,0,,,,
6212,variation,CJBJMRAM00250-Black-Patch,,"Shoulder and neck massager mini massager - Black, Patch",1,0,visible,,,,,taxable,parent,1,,,0,0,,,,,0,,,15.85,,,,https://nasmart.online/wp-content/uploads/2025/03/1405310515508-1.jpg,,,CJBJMRAM00250,,,,,,0,,,Color,Black,,0,,Model,Patch,,0,,,,
6214,variation,CJBJMRAM00250-Black-USB,,"Shoulder and neck massager mini massager - Black, USB",1,0,visible,,,,,taxable,parent,1,,,0,0,,,,,0,,,60.00,,,,https://nasmart.online/wp-content/uploads/2025/03/403803861610-1.jpg,,,CJBJMRAM00250,,,,,,0,,,Color,Black,,0,,Model,USB,,0,,,,
6216,variation,CJBJMRAM00250-Blue-Patch,,"Shoulder and neck massager mini massager - Blue, Patch",1,0,visible,,,,,taxable,parent,1,,,0,0,,,,,0,,,15.85,,,,https://nasmart.online/wp-content/uploads/2025/03/5608570435786-1.jpg,,,CJBJMRAM00250,,,,,,0,,,Color,Blue,,0,,Model,Patch,,0,,,,
6218,variation,CJBJMRAM00250-Blue-USB,,"Shoulder and neck massager mini massager - Blue, USB",1,0,visible,,,,,taxable,parent,1,,,0,0,,,,,0,,,60.00,,,,https://nasmart.online/wp-content/uploads/2025/03/1060608338347-1.jpg,,,CJBJMRAM00250,,,,,,0,,,Color,Blue,,0,,Model,USB,,0,,,,
6220,variation,CJBJMRAM00250-Pink-Patch,,"Shoulder and neck massager mini massager - Pink, Patch",1,0,visible,,,,,taxable,parent,1,,,0,0,,,,,0,,,15.85,,,,https://nasmart.online/wp-content/uploads/2025/03/5242669414192-1.jpg,,,CJBJMRAM00250,,,,,,0,,,Color,Pink,,0,,Model,Patch,,0,,,,
6222,variation,CJBJMRAM00250-Pink-USB,,"Shoulder and neck massager mini massager - Pink, USB",1,0,visible,,,,,taxable,parent,1,,,0,0,,,,,0,,,60.00,,,,https://nasmart.online/wp-content/uploads/2025/03/696052007428-1.jpg,,,CJBJMRAM00250,,,,,,0,,,Color,Pink,,0,,Model,USB,,0,,,,
6224,variation,CJBJMRAM00250-White-Patch,,"Shoulder and neck massager mini massager - White, Patch",1,0,visible,,,,,taxable,parent,1,,,0,0,,,,,0,,,15.85,,,,https://nasmart.online/wp-content/uploads/2025/03/1152620075115-1.jpg,,,CJBJMRAM00250,,,,,,0,,,Color,White,,0,,Model,Patch,,0,,,,
6226,variation,CJBJMRAM00250-White-USB,,"Shoulder and neck massager mini massager - White, USB",1,0,visible,,,,,taxable,parent,1,,,0,0,,,,,0,,,60.00,,,,https://nasmart.online/wp-content/uploads/2025/03/3816473477082-1.jpg,,,CJBJMRAM00250,,,,,,0,,,Color,White,,0,,Model,USB,,0,,,,
6237,variable,CJJT1371772,,"Electric Vacuum Cupping &amp; Guasha Massager: Fat Burning &amp; Anti-Cellulite Therapy",1,0,visible,,"<p> <b>Overview:</b> <br> 1. It integrates the three functions of negative pressure cupping, scraping and massage. Through intelligent detection of the pressure in the tank, the vacuum negative pressure can be adjusted in real time to realize dynamic breathing cupping. <br> 2. Effectively promote blood circulation, dredge the meridians, stimulate acupoints, relieve fatigue, relieve pain, dispel cold and dehumidification, improve immunity, and relax muscles. <br> 3. Two modes (deep negative pressure mode / soothing breathing mode) are available, scraping, cupping or massage, free to choose without restriction. ((The deep negative pressure mode is turned on when the machine is turned on)) <br> 4.6/9 levels of negative pressure, strong and stable suction, no open flame; 6/9 levels of red light heating, deep massage, relax the body, and dispel fatigue. <br> 5.20-minute timer function: automatically start a 20-minute countdown when it is turned on to avoid unnecessary damage to the body caused by excessive scraping and cupping. <br> 6. LED/LCD display screen, four independent buttons can separatelyswitch the machine, adjust the suction intensity and heating gear, and suspend the cupping adsorption function, which is easy to use. <br> <br> <b>Specification:</b> <br> Product Name: Smart Breathing Massager <br> Mode of operation:Physical massage <br> Suction strength: a total of 12 gears <br> Hot compress intensity: A total of 12 levels <br> Input voltage: 3.7v <br> Rated power: 5w <br> Power supply mode: USB <br> Control method: Computer <br> Model: Pressure relief type Gu Sha instrument <br> Temperature adjustment: Yes <br> Temperature control range: 45-60 <br> Gear position: Continuously variable <br> Colour: Six-speed plug-in heating model (red), six-speed plug-in heating model (black), six-speed plug-in heating model (blue), 6-speed charging and heating model (red), 6-speed charging and heating model (black), 6 Charging and heating models (blue), 12-speed charging, heating and decompression models (red), 12-speed charging, heating and decompression models (black), 12-speed charging, heating and decompression models (blue) <br> Material: Abs <br> Battery capacity: 1800 mAh <br> Size information: <br> 94*94*78mm <br> <br> <b>Package Content :</b> </p> \n<p>Gua Sha instrument*1&nbsp;</p> \n<p>manual*1&nbsp;</p> \n<p> usb*1 <br> <br> </p> \n<p> <b>Product picture:</b> <br> </p> \n<p> <b> <br> </b> </p> \n<p> <img src=""https://cf.cjdropshipping.com/17187552/2406190946500323800.jpg""> <b> <br> </b> </p> \n<p> <img src=""https://cf.cjdropshipping.com/17187552/2406190946500324300.jpg""> <img src=""https://cf.cjdropshipping.com/17187552/2406190946500324700.jpg"" width=""801"" height=""495.46""> <img src=""https://cf.cjdropshipping.com/17187552/2406190946500325700.jpg"" width=""801"" height=""495.46""> <img src=""https://cf.cjdropshipping.com/17187552/2406190946500326400.jpg"" width=""801"" height=""495.46""> <img src=""https://cf.cjdropshipping.com/17187552/2406190946500327200.jpg""> </p> \n<p> <img src=""https://cf.cjdropshipping.com/17187552/2406190946500327700.jpg""> <img src=""https://cf.cjdropshipping.com/17187552/2406190946500328200.jpg""> <img src=""https://cf.cjdropshipping.com/17187552/2406190946500328600.jpg""> <img src=""https://cf.cjdropshipping.com/17187552/2406190946500329000.jpg""> <img src=""https://cf.cjdropshipping.com/17187552/2406190946500329500.jpg""> <b> <br> </b> </p>",,,taxable,,1,,,0,0,3.15,250,150,172,1,,,,"Body Care",,,"https://nasmart.online/wp-content/uploads/2025/03/02be9439-bcc3-46c2-a09e-6b299f8577a7.jpg, https://nasmart.online/wp-content/uploads/2025/03/928ec2ea-08aa-41e1-9c36-5456740667f4.jpg, https://nasmart.online/wp-content/uploads/2025/03/7235faea-bf51-4f1f-b5aa-c21ce2dc6427.jpg, https://nasmart.online/wp-content/uploads/2025/03/da4b3dd7-475d-4d07-8f9e-780f498371be.jpg, https://nasmart.online/wp-content/uploads/2025/03/a7277d06-4ef6-4972-9b1d-eb322246b06f.jpg, https://nasmart.online/wp-content/uploads/2025/03/ccb1311b-45dd-4c7f-bcd8-2447fdee25e6.jpg, https://nasmart.online/wp-content/uploads/2025/03/c1990536-1674-4721-982e-5d36c110117a.jpg, https://nasmart.online/wp-content/uploads/2025/03/2ddb9d4e-3ca6-448e-bff0-db8c225f3c60.jpg, https://nasmart.online/wp-content/uploads/2025/03/3af6a3b0-ffbd-4fea-9617-dc2713f575aa.jpg, https://nasmart.online/wp-content/uploads/2025/03/9c37131b-9d4f-4b5b-80c2-ea7927e3fbeb.jpg",,,,,,,,,0,,,Color,"2Blue 2black, 2Blue 2red, 2Blue Red black, 2Blue and black, 2Red 2black, 2Red and black, 2Red and blue, 3Blue black, 3Blue red, 3Red black, Black 2PC, Black 3pcs, Black 4pcs, Black set, Black, Blue 2Red black, Blue 2pcs, Blue 3black, Blue 3pcs, Blue 3red, Blue 4pcs, Blue Red 2black, Blue Red black, Blue and 2black, Blue and black, Blue and red, Blue, Mix D packing, Red 2pcs, Red 3black, Red 3pcs, Red 4pcs, Red 5pcs, Red 6pcs, Red and 2black, Red and 2blue, Red and black, Red, Set, Set1",1,0,19,style,"12speed charging, 6speed charging",1,0,"Electrical outlet",USB,1,0
6239,variation,CJJT1371772107CX,,"Electric Vacuum Cupping &amp; Guasha Massager: Fat Burning &amp; Anti-Cellulite Therapy",1,0,visible,,,,,taxable,parent,1,,,0,0,,,,,0,,,150.00,,,,https://nasmart.online/wp-content/uploads/2025/03/892b4d0b-1f02-48c7-b111-84338bc5d0cf.jpg,,,CJJT1371772,,,,,,0,,,Color,"2Blue 2black",,0,,style,"12speed charging",,0,"Electrical outlet",USB,,0
6241,variation,CJJT1371772110FU,,"Electric Vacuum Cupping &amp; Guasha Massager: Fat Burning &amp; Anti-Cellulite Therapy",1,0,visible,,,,,taxable,parent,1,,,0,0,,,,,0,,,150.00,,,,https://nasmart.online/wp-content/uploads/2025/03/ec986950-7306-4054-abc1-9b1b19794fec.jpg,,,CJJT1371772,,,,,,0,,,Color,"2Blue 2red",,0,,style,"12speed charging",,0,"Electrical outlet",USB,,0
6243,variation,CJJT1371772113IR,,"Electric Vacuum Cupping &amp; Guasha Massager: Fat Burning &amp; Anti-Cellulite Therapy",1,0,visible,,,,,taxable,parent,1,,,0,0,,,,,0,,,150.00,,,,https://nasmart.online/wp-content/uploads/2025/03/03bf3eb2-88a9-4009-8d6d-8109d0ada5f8.jpg,,,CJJT1371772,,,,,,0,,,Color,"2Blue Red black",,0,,style,"12speed charging",,0,"Electrical outlet",USB,,0
6245,variation,CJJT137177271SH,,"Electric Vacuum Cupping &amp; Guasha Massager: Fat Burning &amp; Anti-Cellulite Therapy",1,0,visible,,,,,taxable,parent,1,,,0,0,,,,,0,,,99.00,,,,https://nasmart.online/wp-content/uploads/2025/03/0e3bd26d-ab4c-4486-9545-a20b745c69d7.jpg,,,CJJT1371772,,,,,,0,,,Color,"2Blue and black",,0,,style,"6speed charging",,0,"Electrical outlet",USB,,0
6247,variation,CJJT1371772104ZA,,"Electric Vacuum Cupping &amp; Guasha Massager: Fat Burning &amp; Anti-Cellulite Therapy",1,0,visible,,,,,taxable,parent,1,,,0,0,,,,,0,,,149.00,,,,https://nasmart.online/wp-content/uploads/2025/03/3677683d-c491-42ce-a739-81dab8407874.jpg,,,CJJT1371772,,,,,,0,,,Color,"2Red 2black",,0,,style,"12speed charging",,0,"Electrical outlet",USB,,0
6249,variation,CJJT137177277YB,,"Electric Vacuum Cupping &amp; Guasha Massager: Fat Burning &amp; Anti-Cellulite Therapy",1,0,visible,,,,,taxable,parent,1,,,0,0,,,,,0,,,99.00,,,,https://nasmart.online/wp-content/uploads/2025/03/307736a0-a240-424e-a3b2-2a262a2f85e8.jpg,,,CJJT1371772,,,,,,0,,,Color,"2Red and black",,0,,style,"6speed charging",,0,"Electrical outlet",USB,,0
6251,variation,CJJT137177280BY,,"Electric Vacuum Cupping &amp; Guasha Massager: Fat Burning &amp; Anti-Cellulite Therapy",1,0,visible,,,,,taxable,parent,1,,,0,0,,,,,0,,,99.00,,,,https://nasmart.online/wp-content/uploads/2025/03/fe9bd3c5-7b51-4fdd-88ec-b010a69d0936.jpg,,,CJJT1371772,,,,,,0,,,Color,"2Red and blue",,0,,style,"6speed charging",,0,"Electrical outlet",USB,,0
6253,variation,CJJT137177289KP,,"Electric Vacuum Cupping &amp; Guasha Massager: Fat Burning &amp; Anti-Cellulite Therapy",1,0,visible,,,,,taxable,parent,1,,,0,0,,,,,0,,,149.00,,,,https://nasmart.online/wp-content/uploads/2025/03/34767974-64b6-4536-a3c5-430a9e212135.jpg,,,CJJT1371772,,,,,,0,,,Color,"3Blue black",,0,,style,"12speed charging",,0,"Electrical outlet",USB,,0
6255,variation,CJJT137177295QJ,,"Electric Vacuum Cupping &amp; Guasha Massager: Fat Burning &amp; Anti-Cellulite Therapy",1,0,visible,,,,,taxable,parent,1,,,0,0,,,,,0,,,149.00,,,,https://nasmart.online/wp-content/uploads/2025/03/c1990536-1674-4721-982e-5d36c110117a-1.jpg,,,CJJT1371772,,,,,,0,,,Color,"3Blue red",,0,,style,"12speed charging",,0,"Electrical outlet",USB,,0
6257,variation,CJJT1371772101WD,,"Electric Vacuum Cupping &amp; Guasha Massager: Fat Burning &amp; Anti-Cellulite Therapy",1,0,visible,,,,,taxable,parent,1,,,0,0,,,,,0,,,149.00,,,,https://nasmart.online/wp-content/uploads/2025/03/ee597e23-e8c3-4473-9635-fbb06522a220.jpg,,,CJJT1371772,,,,,,0,,,Color,"3Red black",,0,,style,"12speed charging",,0,"Electrical outlet",USB,,0
6259,variation,CJJT137177237KP,,"Electric Vacuum Cupping &amp; Guasha Massager: Fat Burning &amp; Anti-Cellulite Therapy",1,0,visible,,,,,taxable,parent,1,,,0,0,,,,,0,,,99.00,,,,https://nasmart.online/wp-content/uploads/2025/03/2ddb9d4e-3ca6-448e-bff0-db8c225f3c60-1.jpg,,,CJJT1371772,,,,,,0,,,Color,"Black 2PC",,0,,style,"12speed charging",,0,"Electrical outlet",USB,,0
6261,variation,CJJT137177229CX,,"Electric Vacuum Cupping &amp; Guasha Massager: Fat Burning &amp; Anti-Cellulite Therapy",1,0,visible,,,,,taxable,parent,1,,,0,0,,,,,0,,,77.90,,,,https://nasmart.online/wp-content/uploads/2025/03/02be9439-bcc3-46c2-a09e-6b299f8577a7-1.jpg,,,CJJT1371772,,,,,,0,,,Color,"Black 2PC",,0,,style,"6speed charging",,0,"Electrical outlet",USB,,0
6263,variation,CJJT137177215OL,,"Electric Vacuum Cupping &amp; Guasha Massager: Fat Burning &amp; Anti-Cellulite Therapy",1,0,visible,,,,,taxable,parent,1,,,0,0,,,,,0,,,151.17,,,,https://nasmart.online/wp-content/uploads/2025/03/7270a1e4-204e-4860-90dc-b9c7eb795a75.jpg,,,CJJT1371772,,,,,,0,,,Color,"Black 3pcs",,0,,style,"12speed charging",,0,"Electrical outlet",USB,,0
6265,variation,CJJT137177232FU,,"Electric Vacuum Cupping &amp; Guasha Massager: Fat Burning &amp; Anti-Cellulite Therapy",1,0,visible,,,,,taxable,parent,1,,,0,0,,,,,0,,,112.24,,,,https://nasmart.online/wp-content/uploads/2025/03/18d9fa4f-53a6-4499-a0e2-8b232514f23b.jpg,,,CJJT1371772,,,,,,0,,,Color,"Black 3pcs",,0,,style,"6speed charging",,0,"Electrical outlet",USB,,0
6267,variation,CJJT137177240NM,,"Electric Vacuum Cupping &amp; Guasha Massager: Fat Burning &amp; Anti-Cellulite Therapy",1,0,visible,,,,,taxable,parent,1,,,0,0,,,,,0,,,149.00,,,,https://nasmart.online/wp-content/uploads/2025/03/e58d0f45-faba-4e88-bee4-54b8c9b84dd8.jpg,,,CJJT1371772,,,,,,0,,,Color,"Black 4pcs",,0,,style,"12speed charging",,0,"Electrical outlet",USB,,0
6269,variation,CJJT137177244RI,,"Electric Vacuum Cupping &amp; Guasha Massager: Fat Burning &amp; Anti-Cellulite Therapy",1,0,visible,,,,,taxable,parent,1,,,0,0,,,,,0,,,144.12,,,,https://nasmart.online/wp-content/uploads/2025/03/e58d0f45-faba-4e88-bee4-54b8c9b84dd8-1.jpg,,,CJJT1371772,,,,,,0,,,Color,"Black 4pcs",,0,,style,"6speed charging",,0,"Electrical outlet",USB,,0
6271,variation,CJJT1371772130ZA,,"Electric Vacuum Cupping &amp; Guasha Massager: Fat Burning &amp; Anti-Cellulite Therapy",1,0,visible,,,,,taxable,parent,1,,,0,0,,,,,0,,,105.73,,,,https://nasmart.online/wp-content/uploads/2025/03/5cfd19c9-0357-40d6-acb4-aa4f3b386d21.jpg,,,CJJT1371772,,,,,,0,,,Color,"Black set",,0,,style,"12speed charging",,0,"Electrical outlet",USB,,0
6273,variation,CJJT137177206FU,,"Electric Vacuum Cupping &amp; Guasha Massager: Fat Burning &amp; Anti-Cellulite Therapy",1,0,visible,,,,,taxable,parent,1,,,0,0,,,,,0,,,59.91,,,,https://nasmart.online/wp-content/uploads/2025/03/da4b3dd7-475d-4d07-8f9e-780f498371be-1.jpg,,,CJJT1371772,,,,,,0,,,Color,Black,,0,,style,"12speed charging",,0,"Electrical outlet",USB,,0
6275,variation,CJJT137177205EV,,"Electric Vacuum Cupping &amp; Guasha Massager: Fat Burning &amp; Anti-Cellulite Therapy",1,0,visible,,,,,taxable,parent,1,,,0,0,,,,,0,,,54.46,,,,https://nasmart.online/wp-content/uploads/2025/03/da4b3dd7-475d-4d07-8f9e-780f498371be-2.jpg,,,CJJT1371772,,,,,,0,,,Color,Black,,0,,style,"6speed charging",,0,"Electrical outlet",USB,,0
6277,variation,CJJT1371772116LO,,"Electric Vacuum Cupping &amp; Guasha Massager: Fat Burning &amp; Anti-Cellulite Therapy",1,0,visible,,,,,taxable,parent,1,,,0,0,,,,,0,,,149.00,,,,https://nasmart.online/wp-content/uploads/2025/03/7181738f-627b-4ecc-81a4-8572ea525218.jpg,,,CJJT1371772,,,,,,0,,,Color,"Blue 2Red black",,0,,style,"12speed charging",,0,"Electrical outlet",USB,,0
6279,variation,CJJT137177234HS,,"Electric Vacuum Cupping &amp; Guasha Massager: Fat Burning &amp; Anti-Cellulite Therapy",1,0,visible,,,,,taxable,parent,1,,,0,0,,,,,0,,,104.67,,,,https://nasmart.online/wp-content/uploads/2025/03/807193e3-7fb0-4f09-8452-11e231207bec.jpg,,,CJJT1371772,,,,,,0,,,Color,"Blue 2pcs",,0,,style,"12speed charging",,0,"Electrical outlet",USB,,0
6281,variation,CJJT137177235IR,,"Electric Vacuum Cupping &amp; Guasha Massager: Fat Burning &amp; Anti-Cellulite Therapy",1,0,visible,,,,,taxable,parent,1,,,0,0,,,,,0,,,102.19,,,,https://nasmart.online/wp-content/uploads/2025/03/807193e3-7fb0-4f09-8452-11e231207bec-1.jpg,,,CJJT1371772,,,,,,0,,,Color,"Blue 2pcs",,0,,style,"6speed charging",,0,"Electrical outlet",USB,,0
6283,variation,CJJT137177286HS,,"Electric Vacuum Cupping &amp; Guasha Massager: Fat Burning &amp; Anti-Cellulite Therapy",1,0,visible,,,,,taxable,parent,1,,,0,0,,,,,0,,,197.64,,,,https://nasmart.online/wp-content/uploads/2025/03/0117da24-02d4-49b8-9ba1-287cfb4b69dc.jpg,,,CJJT1371772,,,,,,0,,,Color,"Blue 3black",,0,,style,"12speed charging",,0,"Electrical outlet",USB,,0
6285,variation,CJJT137177238LO,,"Electric Vacuum Cupping &amp; Guasha Massager: Fat Burning &amp; Anti-Cellulite Therapy",1,0,visible,,,,,taxable,parent,1,,,0,0,,,,,0,,,110.99,,,,https://nasmart.online/wp-content/uploads/2025/03/adedc3d6-ee6d-4c4b-bea8-cd2be428aa47.jpg,,,CJJT1371772,,,,,,0,,,Color,"Blue 3pcs",,0,,style,"6speed charging",,0,"Electrical outlet",USB,,0
6287,variation,CJJT137177292NM,,"Electric Vacuum Cupping &amp; Guasha Massager: Fat Burning &amp; Anti-Cellulite Therapy",1,0,visible,,,,,taxable,parent,1,,,0,0,,,,,0,,,149.00,,,,https://nasmart.online/wp-content/uploads/2025/03/7df9773d-31c8-4a06-a9ed-0b0fd6ef8844.jpg,,,CJJT1371772,,,,,,0,,,Color,"Blue 3red",,0,,style,"12speed charging",,0,"Electrical outlet",USB,,0
6289,variation,CJJT137177228BY,,"Electric Vacuum Cupping &amp; Guasha Massager: Fat Burning &amp; Anti-Cellulite Therapy",1,0,visible,,,,,taxable,parent,1,,,0,0,,,,,0,,,149.00,,,,https://nasmart.online/wp-content/uploads/2025/03/e985bde6-82ac-45e6-8c54-cd94ebf9088f.jpg,,,CJJT1371772,,,,,,0,,,Color,"Blue 4pcs",,0,,style,"12speed charging",,0,"Electrical outlet",USB,,0
6291,variation,CJJT137177241OL,,"Electric Vacuum Cupping &amp; Guasha Massager: Fat Burning &amp; Anti-Cellulite Therapy",1,0,visible,,,,,taxable,parent,1,,,0,0,,,,,0,,,144.12,,,,https://nasmart.online/wp-content/uploads/2025/03/e985bde6-82ac-45e6-8c54-cd94ebf9088f-1.jpg,,,CJJT1371772,,,,,,0,,,Color,"Blue 4pcs",,0,,style,"6speed charging",,0,"Electrical outlet",USB,,0
6293,variation,CJJT1371772119OL,,"Electric Vacuum Cupping &amp; Guasha Massager: Fat Burning &amp; Anti-Cellulite Therapy",1,0,visible,,,,,taxable,parent,1,,,0,0,,,,,0,,,149.00,,,,https://nasmart.online/wp-content/uploads/2025/03/93d12784-f59d-4faa-86ca-9df7d94edd5d.jpg,,,CJJT1371772,,,,,,0,,,Color,"Blue Red 2black",,0,,style,"12speed charging",,0,"Electrical outlet",USB,,0
6295,variation,CJJT137177243QJ,,"Electric Vacuum Cupping &amp; Guasha Massager: Fat Burning &amp; Anti-Cellulite Therapy",1,0,visible,,,,,taxable,parent,1,,,0,0,,,,,0,,,69.00,,,,https://nasmart.online/wp-content/uploads/2025/03/d16f756e-aa6f-45d4-bf85-16522f6b03e8.jpg,,,CJJT1371772,,,,,,0,,,Color,"Blue Red black",,0,,style,"12speed charging",,0,"Electrical outlet",USB,,0
6297,variation,CJJT137177265MN,,"Electric Vacuum Cupping &amp; Guasha Massager: Fat Burning &amp; Anti-Cellulite Therapy",1,0,visible,,,,,taxable,parent,1,,,0,0,,,,,0,,,99.00,,,,https://nasmart.online/wp-content/uploads/2025/03/a7277d06-4ef6-4972-9b1d-eb322246b06f-1.jpg,,,CJJT1371772,,,,,,0,,,Color,"Blue Red black",,0,,style,"6speed charging",,0,"Electrical outlet",USB,,0
6299,variation,CJJT137177268PK,,"Electric Vacuum Cupping &amp; Guasha Massager: Fat Burning &amp; Anti-Cellulite Therapy",1,0,visible,,,,,taxable,parent,1,,,0,0,,,,,0,,,99.00,,,,https://nasmart.online/wp-content/uploads/2025/03/b966bbda-4512-4d04-9a20-e39bfde5df15.jpg,,,CJJT1371772,,,,,,0,,,Color,"Blue and 2black",,0,,style,"6speed charging",,0,"Electrical outlet",USB,,0
6301,variation,CJJT137177231EV,,"Electric Vacuum Cupping &amp; Guasha Massager: Fat Burning &amp; Anti-Cellulite Therapy",1,0,visible,,,,,taxable,parent,1,,,0,0,,,,,0,,,104.67,,,,https://nasmart.online/wp-content/uploads/2025/03/382c6281-1911-4533-b6ca-880688d2383d.jpg,,,CJJT1371772,,,,,,0,,,Color,"Blue and black",,0,,style,"12speed charging",,0,"Electrical outlet",USB,,0
6303,variation,CJJT137177262JQ,,"Electric Vacuum Cupping &amp; Guasha Massager: Fat Burning &amp; Anti-Cellulite Therapy",1,0,visible,,,,,taxable,parent,1,,,0,0,,,,,0,,,77.90,,,,https://nasmart.online/wp-content/uploads/2025/03/eda77fa0-971e-4fba-bb45-3bd0895e0cda.jpg,,,CJJT1371772,,,,,,0,,,Color,"Blue and black",,0,,style,"6speed charging",,0,"Electrical outlet",USB,,0
6305,variation,CJJT137177270RI,,"Electric Vacuum Cupping &amp; Guasha Massager: Fat Burning &amp; Anti-Cellulite Therapy",1,0,visible,,,,,taxable,parent,1,,,0,0,,,,,0,,,104.67,,,,https://nasmart.online/wp-content/uploads/2025/03/928ec2ea-08aa-41e1-9c36-5456740667f4-1.jpg,,,CJJT1371772,,,,,,0,,,Color,"Blue and red",,0,,style,"12speed charging",,0,"Electrical outlet",USB,,0
6307,variation,CJJT137177253AZ,,"Electric Vacuum Cupping &amp; Guasha Massager: Fat Burning &amp; Anti-Cellulite Therapy",1,0,visible,,,,,taxable,parent,1,,,0,0,,,,,0,,,77.90,,,,https://nasmart.online/wp-content/uploads/2025/03/ccb1311b-45dd-4c7f-bcd8-2447fdee25e6-1.jpg,,,CJJT1371772,,,,,,0,,,Color,"Blue and red",,0,,style,"6speed charging",,0,"Electrical outlet",USB,,0
6309,variation,CJJT137177209IR,,"Electric Vacuum Cupping &amp; Guasha Massager: Fat Burning &amp; Anti-Cellulite Therapy",1,0,visible,,,,,taxable,parent,1,,,0,0,,,,,0,,,59.15,,,,https://nasmart.online/wp-content/uploads/2025/03/a90bdaad-aaeb-4978-9a4d-07517c30079f.jpg,,,CJJT1371772,,,,,,0,,,Color,Blue,,0,,style,"12speed charging",,0,"Electrical outlet",USB,,0
6311,variation,CJJT137177208HS,,"Electric Vacuum Cupping &amp; Guasha Massager: Fat Burning &amp; Anti-Cellulite Therapy",1,0,visible,,,,,taxable,parent,1,,,0,0,,,,,0,,,69.73,,,,https://nasmart.online/wp-content/uploads/2025/03/a90bdaad-aaeb-4978-9a4d-07517c30079f-1.jpg,,,CJJT1371772,,,,,,0,,,Color,Blue,,0,,style,"6speed charging",,0,"Electrical outlet",USB,,0
6313,variation,CJJT137177258FU,,"Electric Vacuum Cupping &amp; Guasha Massager: Fat Burning &amp; Anti-Cellulite Therapy",1,0,visible,,,,,taxable,parent,1,,,0,0,,,,,0,,,149.00,,,,https://nasmart.online/wp-content/uploads/2025/03/b520971b-4faf-461d-9a90-4e33aad728e4.jpg,,,CJJT1371772,,,,,,0,,,Color,"Mix D packing",,0,,style,"12speed charging",,0,"Electrical outlet",USB,,0
6315,variation,CJJT137177210JQ,,"Electric Vacuum Cupping &amp; Guasha Massager: Fat Burning &amp; Anti-Cellulite Therapy",1,0,visible,,,,,taxable,parent,1,,,0,0,,,,,0,,,99.00,,,,https://nasmart.online/wp-content/uploads/2025/03/b337b046-a669-42e2-b2ab-5344d6acfbeb.jpg,,,CJJT1371772,,,,,,0,,,Color,"Red 2pcs",,0,,style,"12speed charging",,0,"Electrical outlet",USB,,0
6317,variation,CJJT137177226ZA,,"Electric Vacuum Cupping &amp; Guasha Massager: Fat Burning &amp; Anti-Cellulite Therapy",1,0,visible,,,,,taxable,parent,1,,,0,0,,,,,0,,,77.90,,,,https://nasmart.online/wp-content/uploads/2025/03/dda2b99c-d893-4414-8fca-7fd44547c8ec.jpg,,,CJJT1371772,,,,,,0,,,Color,"Red 2pcs",,0,,style,"6speed charging",,0,"Electrical outlet",USB,,0
6319,variation,CJJT137177298TG,,"Electric Vacuum Cupping &amp; Guasha Massager: Fat Burning &amp; Anti-Cellulite Therapy",1,0,visible,,,,,taxable,parent,1,,,0,0,,,,,0,,,149.00,,,,https://nasmart.online/wp-content/uploads/2025/03/f05ac93d-cc69-4f70-9ef9-4659de5e3d0b.jpg,,,CJJT1371772,,,,,,0,,,Color,"Red 3black",,0,,style,"12speed charging",,0,"Electrical outlet",USB,,0
6321,variation,CJJT137177213MN,,"Electric Vacuum Cupping &amp; Guasha Massager: Fat Burning &amp; Anti-Cellulite Therapy",1,0,visible,,,,,taxable,parent,1,,,0,0,,,,,0,,,99.00,,,,https://nasmart.online/wp-content/uploads/2025/03/cbb61a33-d24d-44db-8fa6-676f52632f0d.jpg,,,CJJT1371772,,,,,,0,,,Color,"Red 3pcs",,0,,style,"12speed charging",,0,"Electrical outlet",USB,,0
6323,variation,CJJT137177223WD,,"Electric Vacuum Cupping &amp; Guasha Massager: Fat Burning &amp; Anti-Cellulite Therapy",1,0,visible,,,,,taxable,parent,1,,,0,0,,,,,0,,,99.00,,,,https://nasmart.online/wp-content/uploads/2025/03/9c37131b-9d4f-4b5b-80c2-ea7927e3fbeb-1.jpg,,,CJJT1371772,,,,,,0,,,Color,"Red 3pcs",,0,,style,"6speed charging",,0,"Electrical outlet",USB,,0
6325,variation,CJJT137177246TG,,"Electric Vacuum Cupping &amp; Guasha Massager: Fat Burning &amp; Anti-Cellulite Therapy",1,0,visible,,,,,taxable,parent,1,,,0,0,,,,,0,,,149.00,,,,https://nasmart.online/wp-content/uploads/2025/03/bcf4772a-0140-42d7-bc8e-aa09b17261c5.jpg,,,CJJT1371772,,,,,,0,,,Color,"Red 4pcs",,0,,style,"12speed charging",,0,"Electrical outlet",USB,,0
6327,variation,CJJT137177247UF,,"Electric Vacuum Cupping &amp; Guasha Massager: Fat Burning &amp; Anti-Cellulite Therapy",1,0,visible,,,,,taxable,parent,1,,,0,0,,,,,0,,,144.12,,,,https://nasmart.online/wp-content/uploads/2025/03/bcf4772a-0140-42d7-bc8e-aa09b17261c5-1.jpg,,,CJJT1371772,,,,,,0,,,Color,"Red 4pcs",,0,,style,"6speed charging",,0,"Electrical outlet",USB,,0
6329,variation,CJJT137177249WD,,"Electric Vacuum Cupping &amp; Guasha Massager: Fat Burning &amp; Anti-Cellulite Therapy",1,0,visible,,,,,taxable,parent,1,,,0,0,,,,,0,,,149.00,,,,https://nasmart.online/wp-content/uploads/2025/03/3af6a3b0-ffbd-4fea-9617-dc2713f575aa-1.jpg,,,CJJT1371772,,,,,,0,,,Color,"Red 5pcs",,0,,style,"12speed charging",,0,"Electrical outlet",USB,,0
6331,variation,CJJT1371772111GT,,"Electric Vacuum Cupping &amp; Guasha Massager: Fat Burning &amp; Anti-Cellulite Therapy",1,0,visible,,,,,taxable,parent,1,,,0,0,,,,,0,,,178.28,,,,https://nasmart.online/wp-content/uploads/2025/03/ba48dfe6-6ee8-4776-928e-76a3499a8a49.jpg,,,CJJT1371772,,,,,,0,,,Color,"Red 5pcs",,0,,style,"6speed charging",,0,"Electrical outlet",USB,,0
6333,variation,CJJT1371772128XC,,"Electric Vacuum Cupping &amp; Guasha Massager: Fat Burning &amp; Anti-Cellulite Therapy",1,0,visible,,,,,taxable,parent,1,,,0,0,,,,,0,,,217.42,,,,https://nasmart.online/wp-content/uploads/2025/03/61fd7fb7-68bc-43d3-a43f-d6194215fa40.jpg,,,CJJT1371772,,,,,,0,,,Color,"Red 6pcs",,0,,style,"6speed charging",,0,"Electrical outlet",USB,,0
6335,variation,CJJT137177274VE,,"Electric Vacuum Cupping &amp; Guasha Massager: Fat Burning &amp; Anti-Cellulite Therapy",1,0,visible,,,,,taxable,parent,1,,,0,0,,,,,0,,,110.99,,,,https://nasmart.online/wp-content/uploads/2025/03/7235faea-bf51-4f1f-b5aa-c21ce2dc6427-1.jpg,,,CJJT1371772,,,,,,0,,,Color,"Red and 2black",,0,,style,"6speed charging",,0,"Electrical outlet",USB,,0
6337,variation,CJJT137177283EV,,"Electric Vacuum Cupping &amp; Guasha Massager: Fat Burning &amp; Anti-Cellulite Therapy",1,0,visible,,,,,taxable,parent,1,,,0,0,,,,,0,,,110.99,,,,https://nasmart.online/wp-content/uploads/2025/03/2b215bfb-ec44-4e88-ae6c-bf437b97e161.jpg,,,CJJT1371772,,,,,,0,,,Color,"Red and 2blue",,0,,style,"6speed charging",,0,"Electrical outlet",USB,,0
6339,variation,CJJT137177279AZ,,"Electric Vacuum Cupping &amp; Guasha Massager: Fat Burning &amp; Anti-Cellulite Therapy",1,0,visible,,,,,taxable,parent,1,,,0,0,,,,,0,,,104.67,,,,https://nasmart.online/wp-content/uploads/2025/03/4d61fc3a-386d-4b98-8f8a-88f0d826084b.jpg,,,CJJT1371772,,,,,,0,,,Color,"Red and black",,0,,style,"12speed charging",,0,"Electrical outlet",USB,,0
6341,variation,CJJT137177256DW,,"Electric Vacuum Cupping &amp; Guasha Massager: Fat Burning &amp; Anti-Cellulite Therapy",1,0,visible,,,,,taxable,parent,1,,,0,0,,,,,0,,,77.90,,,,https://nasmart.online/wp-content/uploads/2025/03/55addaae-aef2-474b-a1e1-0fd3ebb36ee1.jpg,,,CJJT1371772,,,,,,0,,,Color,"Red and black",,0,,style,"6speed charging",,0,"Electrical outlet",USB,,0
6343,variation,CJJT137177203CX,,"Electric Vacuum Cupping &amp; Guasha Massager: Fat Burning &amp; Anti-Cellulite Therapy",1,0,visible,,,,,taxable,parent,1,,,0,0,,,,,0,,,59.30,,,,https://nasmart.online/wp-content/uploads/2025/03/37ef0212-04ec-4927-8a63-1aa3ba828f9d.jpg,,,CJJT1371772,,,,,,0,,,Color,Red,,0,,style,"12speed charging",,0,"Electrical outlet",USB,,0
6345,variation,CJJT137177202BY,,"Electric Vacuum Cupping &amp; Guasha Massager: Fat Burning &amp; Anti-Cellulite Therapy",1,0,visible,,,,,taxable,parent,1,,,0,0,,,,,0,,,66.06,,,,https://nasmart.online/wp-content/uploads/2025/03/8cdef51f-2673-4772-9786-a7ffc95ab9d9.jpg,,,CJJT1371772,,,,,,0,,,Color,Red,,0,,style,"6speed charging",,0,"Electrical outlet",USB,,0
6347,variation,CJJT1371772122RI,,"Electric Vacuum Cupping &amp; Guasha Massager: Fat Burning &amp; Anti-Cellulite Therapy",1,0,visible,,,,,taxable,parent,1,,,0,0,,,,,0,,,50.84,,,,https://nasmart.online/wp-content/uploads/2025/03/49261c87-eb80-43be-96ce-2ab07f7c8773.jpg,,,CJJT1371772,,,,,,0,,,Color,Set,,0,,style,"6speed charging",,0,"Electrical outlet",USB,,0
6349,variation,CJJT1371772125UF,,"Electric Vacuum Cupping &amp; Guasha Massager: Fat Burning &amp; Anti-Cellulite Therapy",1,0,visible,,,,,taxable,parent,1,,,0,0,,,,,0,,,87.95,,,,https://nasmart.online/wp-content/uploads/2025/03/55d2e359-b7e1-4ab5-9170-fc5512b76d97.jpg,,,CJJT1371772,,,,,,0,,,Color,Set1,,0,,style,"6speed charging",,0,"Electrical outlet",USB,,0
